destination,airport_name,state,region,delayed_time,pct_greater,total_flights
ABE,Lehigh Valley International,Pennsylvania,Northeast,40.09935897435897,0.20448717948717948,5012
ABI,Abilene Regional,Texas,South,27.30292792792793,0.11711711711711711,2272
ABQ,Albuquerque International Sunport,New Mexico,West,32.23554480534439,0.14293941488136375,23736
ABR,Aberdeen Regional,South Dakota,Midwest,76.12751677852349,0.2348993288590604,751
ABY,Southwest Georgia Regional,Georgia,South,40.63907284768212,0.1986754966887417,1005
ACK,Nantucket Memorial,Massachusetts,Northeast,73.41666666666667,0.3649425287356322,1195
ACT,Waco Regional,Texas,South,26.901234567901234,0.10802469135802469,1799
ACV,California Redwood Coast Humboldt County,California,West,69.51289833080425,0.3171471927162367,2015
ACY,Atlantic City International,New Jersey,Northeast,45.42404371584699,0.24043715846994534,3113
ADK,Adak,Alaska,West,43.0,0.2,104
ADQ,Kodiak Airport,Alaska,West,19.727272727272727,0.06060606060606061,641
AEX,Alexandria International,Louisiana,South,36.62692307692308,0.17307692307692307,3272
AGS,Augusta Regional at Bush Field,Georgia,South,36.61685552407932,0.18555240793201133,4768
AKN,King Salmon Airport,Alaska,West,6.928571428571429,,61
ALB,Albany International,New York,Northeast,38.706876591803656,0.19055336883537857,12567
ALO,Waterloo Regional,Iowa,Midwest,35.464285714285715,0.17207792207792208,700
AMA,Rick Husband Amarillo International,Texas,South,39.8710182767624,0.19321148825065274,5209
ANC,Ted Stevens Anchorage International,Alaska,West,26.24707240639947,0.0925284512617516,18990
APN,Alpena County Regional,Michigan,Midwest,70.62595419847328,0.2748091603053435,628
ART,Watertown International,New York,Northeast,50.18072289156626,0.25301204819277107,244
ASE,Aspen Pitkin County Sardy Field,Colorado,West,60.20929308975377,0.26449563145353455,6584
ATL,Hartsfield-Jackson Atlanta International,Georgia,South,38.69803203746376,0.1689585965955549,393049
ATW,Appleton International,Wisconsin,Midwest,46.71473354231975,0.2170846394984326,4335
ATY,Watertown Regional,South Dakota,Midwest,54.27536231884058,0.2608695652173913,522
AUS,Austin - Bergstrom International,Texas,South,35.73539173726963,0.1647305441523277,66819
AVL,Asheville Regional,North Carolina,South,39.29778672032193,0.1876976142569704,9551
AVP,Wilkes Barre Scranton International,Pennsylvania,Northeast,38.46382978723404,0.19574468085106383,3581
AZA,Phoenix - Mesa Gateway,Arizona,West,40.64309639002605,0.17938221064384072,5721
AZO,Kalamazoo/Battle Creek International,Michigan,Midwest,38.816920943134534,0.17614424410540916,2241
BDL,Bradley International,Connecticut,Northeast,38.913338357196686,0.19366993217784476,28041
BET,Bethel Airport,Alaska,West,23.731182795698924,0.10752688172043011,827
BFF,Western Neb. Regional/William B. Heilig Field,Nebraska,Midwest,71.0,0.27586206896551724,626
BFL,Meadows Field,California,West,47.4953596287703,0.228538283062645,2470
BFM,Mobile Downtown,Alabama,South,38.75806451612903,0.1774193548387097,158
BGM,Greater Binghamton/Edwin A. Link Field,New York,Northeast,55.18796992481203,0.2819548872180451,958
BGR,Bangor International,Maine,Northeast,43.738078291814944,0.22135231316725978,3774
BHM,Birmingham-Shuttlesworth International,Alabama,South,39.07421875,0.20005580357142858,19478
BIL,Billings Logan International,Montana,West,45.15181518151815,0.2103960396039604,4067
BIS,Bismarck Municipal,North Dakota,Midwest,49.78302642113691,0.24259407526020815,4254
BJI,Bemidji Regional,Minnesota,Midwest,54.859154929577464,0.19718309859154928,742
BKG,Branson Airport,Missouri,Midwest,43.88636363636363,0.26136363636363635,231
BLI,Bellingham International,Washington,West,28.070017953321365,0.12387791741472172,1840
BLV,Scott AFB/MidAmerica,Illinois,Midwest,38.130790190735695,0.16621253405994552,1015
BMI,Central Il Regional Airport at Bloomington,Illinois,Midwest,42.49953488372093,0.2055813953488372,3079
BNA,Nashville International,Tennessee,South,35.54916642077309,0.17007229271171437,82656
BOI,Boise Air Terminal,Idaho,West,35.55813953488372,0.16245119674079103,19074
BOS,Logan International,Massachusetts,Northeast,53.790989438993336,0.2803535315706689,149416
BPT,Jack Brooks Regional,Texas,South,32.53191489361702,0.13069908814589665,1001
BQK,Brunswick Golden Isles,Georgia,South,43.33766233766234,0.2012987012987013,1037
BRD,Brainerd Lakes Regional,Minnesota,Midwest,92.0,0.32142857142857145,636
BRO,Brownsville South Padre Island International,Texas,South,35.95056179775281,0.17640449438202246,2708
BRW,Wiley Post/Will Rogers Memorial,Alaska,West,18.75735294117647,0.051470588235294115,728
BTM,Bert Mooney,Montana,West,38.82051282051282,0.13675213675213677,677
BTR,Baton Rouge Metropolitan/Ryan Field,Louisiana,South,41.58400321543408,0.19131832797427653,7694
BTV,Burlington International,Vermont,Northeast,47.65038033937975,0.23464014043300174,9639
BUF,Buffalo Niagara International,New York,Northeast,43.24313725490196,0.2196078431372549,24854
BUR,Bob Hope,California,West,30.421917018824434,0.13753361505954667,31907
BWI,Baltimore/Washington International Thurgood Marshall,Maryland,South,33.956745965729496,0.15751122941274331,103709
BZN,Bozeman Yellowstone International,Montana,West,35.887620719929764,0.17208077260755048,6818
CAE,Columbia Metropolitan,South Carolina,South,37.68889730958696,0.1951496779082986,7454
CAK,Akron-Canton Regional,Ohio,Midwest,55.17491883116883,0.28125,6317
CDC,Cedar City Regional,Utah,West,21.66260162601626,0.1016260162601626,763
CDV,Merle K Mudhole Smith,Alaska,West,21.30921052631579,0.07236842105263158,722
CGI,Cape Girardeau Regional,Missouri,Midwest,70.64285714285714,0.32653061224489793,956
CHA,Lovell Field,Tennessee,South,42.100278551532035,0.21204735376044567,8932
CHO,Charlottesville Albemarle,Virginia,South,49.9823677581864,0.22367758186397985,5903
CHS,Charleston AFB/International,South Carolina,South,39.40624261054623,0.19543627335067393,25713
CID,The Eastern Iowa,Iowa,Midwest,38.0169133192389,0.17577771066143158,9488
CIU,Chippewa County International,Michigan,Midwest,68.33544303797468,0.310126582278481,677
CKB,North Central West Virginia,West Virginia,South,69.89236111111111,0.3090277777777778,855
CLE,Cleveland-Hopkins International,Ohio,Midwest,44.589564349020094,0.21788790413181874,49613
CLL,Easterwood Field,Texas,South,38.9382889200561,0.17251051893408134,2266
CLT,Charlotte Douglas International,North Carolina,South,38.810277489484896,0.1750286775550336,234514
CMH,John Glenn Columbus International,Ohio,Midwest,38.498774193548385,0.19051612903225806,47900
CMI,University of Illinois/Willard,Illinois,Midwest,37.874363327674025,0.199490662139219,2903
CMX,Houghton County Memorial,Michigan,Midwest,60.87544483985765,0.28113879003558717,728
CNY,Canyonlands Field,Utah,West,50.78534031413613,0.2513089005235602,623
COD,Yellowstone Regional,Wyoming,West,64.66964285714286,0.2767857142857143,451
COS,City of Colorado Springs Municipal,Colorado,West,47.10043780582024,0.22817409219675508,10086
COU,Columbia Regional,Missouri,Midwest,42.03722854188211,0.19751809720785937,2370
CPR,Casper/Natrona County International,Wyoming,West,34.646808510638294,0.11914893617021277,1053
CRP,Corpus Christi International,Texas,South,37.44846656611362,0.19356460532931122,5897
CRW,Yeager,West Virginia,South,44.202344231955585,0.23442319555829735,4502
CSG,Columbus Airport,Georgia,South,37.185676392572944,0.15649867374005305,1274
CVG,Cincinnati/Northern Kentucky International,Kentucky,South,43.68529338637494,0.2135131775236201,48230
CWA,Central Wisconsin,Wisconsin,Midwest,50.02364394993046,0.20723226703755215,2606
CYS,Cheyenne Regional/Jerry Olson Field,Wyoming,West,69.05555555555556,0.4166666666666667,515
DAB,Daytona Beach International,Florida,South,28.966539196940726,0.13001912045889102,3310
DAL,Dallas Love Field,Texas,South,28.216249260500888,0.1202129757444291,73936
DAY,James M Cox/Dayton International,Ohio,Midwest,47.47268557130943,0.24541284403669725,13835
DBQ,Dubuque Regional,Iowa,Midwest,34.38461538461539,0.16968325791855204,1049
DCA,Ronald Reagan Washington National,Virginia,South,43.283098432743266,0.2140263840342767,139028
DEN,Denver International,Colorado,West,40.90277358216136,0.18559169379831952,252064
DFW,Dallas/Fort Worth International,Texas,South,45.751585554967455,0.20386104688414072,303961
DHN,Dothan Regional,Alabama,South,37.139088729016784,0.18944844124700239,1375
DLG,Dillingham Airport,Alaska,West,25.105263157894736,0.15789473684210525,82
DLH,Duluth International,Minnesota,Midwest,66.1754932502596,0.26375908618899274,3378
DRO,Durango La Plata County,Colorado,West,43.33174603174603,0.21587301587301588,3242
DRT,Del Rio International,Texas,South,21.544117647058822,0.08823529411764706,723
DSM,Des Moines International,Iowa,Midwest,38.68944311581824,0.18841817560642296,16947
DTW,Detroit Metro Wayne County,Michigan,Midwest,44.43381780430833,0.19783285751362575,161730
DVL,Devils Lake Regional,North Dakota,Midwest,99.19428571428571,0.3314285714285714,624
EAR,Kearney Regional,Nebraska,Midwest,56.28110599078341,0.2119815668202765,685
EAU,Chippewa Valley Regional,Wisconsin,Midwest,56.02230483271376,0.3048327137546468,728
ECP,Northwest Florida Beaches International,Florida,South,36.12930232558139,0.16325581395348837,6584
EGE,Eagle County Regional,Colorado,West,57.8048523206751,0.2489451476793249,2339
EKO,Elko Regional,Nevada,West,47.71666666666667,0.11666666666666667,676
ELM,Elmira/Corning Regional,New York,Northeast,36.27142857142857,0.22142857142857142,603
ELP,El Paso International,Texas,South,34.36986301369863,0.15924657534246575,17052
ERI,Erie International/Tom Ridge Field,Pennsylvania,Northeast,45.07881773399015,0.22660098522167488,1194
ESC,Delta County,Michigan,Midwest,58.03468208092485,0.21965317919075145,626
EUG,Mahlon Sweet Field,Oregon,West,38.539275766016715,0.18662952646239556,5221
EVV,Evansville Regional,Indiana,Midwest,39.449569976544176,0.20093823299452698,4032
EWN,Coastal Carolina Regional,North Carolina,South,37.54735547355474,0.18327183271832717,2359
EWR,Newark Liberty International,New Jersey,Northeast,62.193686299269416,0.3136105348606476,134102
EYW,Key West International,Florida,South,29.840077071290946,0.10468850353243417,5681
FAI,Fairbanks International,Alaska,West,24.781844802342608,0.09882869692532943,4724
FAR,Hector International,North Dakota,Midwest,43.86165048543689,0.20194174757281552,6038
FAT,Fresno Yosemite International,California,West,40.45268343271973,0.1996370235934664,12360
FAY,Fayetteville Regional/Grannis Field,North Carolina,South,34.52369852369852,0.16472416472416473,3702
FCA,Glacier Park International,Montana,West,32.27251184834123,0.14454976303317535,3040
FLG,Flagstaff Pulliam,Arizona,West,41.575,0.17884615384615385,1993
FLL,Fort Lauderdale-Hollywood International,Florida,South,41.76158512610234,0.19578160984103804,93842
FNT,Bishop International,Michigan,Midwest,37.11005199306759,0.1733102253032929,3488
FSD,Joe Foss Field,South Dakota,Midwest,42.75340334500194,0.21509140412290936,7143
FSM,Fort Smith Regional,Arkansas,South,38.81456043956044,0.19093406593406592,2165
FWA,Fort Wayne International,Indiana,Midwest,47.64721030042919,0.2351931330472103,7074
GCC,Gillette Campbell County,Wyoming,West,41.659176029962545,0.20224719101123595,773
GCK,Garden City Regional,Kansas,Midwest,28.669322709163346,0.10358565737051793,728
GEG,Spokane International,Washington,West,32.59781835428029,0.1437040550154138,12033
GFK,Grand Forks International,North Dakota,Midwest,54.13449023861171,0.2386117136659436,2113
GGG,East Texas Regional,Texas,South,28.472803347280333,0.11715481171548117,939
GJT,Grand Junction Regional,Colorado,West,32.47598627787307,0.137221269296741,4053
GNV,Gainesville Regional,Florida,South,31.98993851313583,0.1509223029625489,5202
GPT,Gulfport-Biloxi International,Mississippi,South,42.6008911521324,0.19669000636537237,4571
GRB,Green Bay Austin Straubel International,Wisconsin,Midwest,45.23760092272203,0.2041522491349481,5170
GRI,Central Nebraska Regional,Nebraska,Midwest,30.899408284023668,0.1242603550295858,1142
GRK,Robert Gray AAF,Texas,South,30.56392156862745,0.12470588235294118,3396
GRR,Gerald R. Ford International,Michigan,Midwest,39.238778668917966,0.19121992401857324,19196
GSO,Piedmont Triad International,North Carolina,South,41.6779189833201,0.2192216044479746,14630
GSP,Greenville-Spartanburg International,South Carolina,South,40.876414749908726,0.201350857977364,16021
GST,Gustavus Airport,Alaska,West,33.5625,0.125,82
GTF,Great Falls International,Montana,West,37.219451371571076,0.16458852867830423,1798
GTR,Golden Triangle Regional,Mississippi,South,38.09171597633136,0.19822485207100593,1184
GUC,Gunnison-Crested Butte Regional,Colorado,West,52.42342342342342,0.21621621621621623,240
HDN,Yampa Valley,Colorado,West,36.35099337748344,0.1545253863134658,1084
HGR,Hagerstown Regional-Richard A. Henson Field,Maryland,South,51.280701754385966,0.3157894736842105,183
HHH,Hilton Head Airport,South Carolina,South,57.4017199017199,0.22235872235872237,2233
HIB,Range Regional,Minnesota,Midwest,55.824175824175825,0.18681318681318682,626
HLN,Helena Regional,Montana,West,36.374468085106386,0.1702127659574468,1349
HNL,Daniel K Inouye International,Hawaii,West,24.84009560800717,0.07690469076785181,51655
HOB,Lea County Regional,New Mexico,West,43.00986842105263,0.22697368421052633,748
HOU,William P Hobby,Texas,South,30.269304172899364,0.13328519110744314,60264
HPN,Westchester County,New York,Northeast,49.03915094339623,0.2417452830188679,11617
HRL,Valley International,Texas,South,35.04387186629526,0.16225626740947074,4486
HSV,Huntsville International-Carl T Jones Field,Alabama,South,40.91586998087954,0.19566602931803698,9707
HTS,Tri-State/Milton J. Ferguson Field,West Virginia,South,38.0746887966805,0.1908713692946058,710
HVN,Tweed New Haven,Connecticut,Northeast,40.23225806451613,0.22258064516129034,1082
HYA,Barnstable Municipal-Boardman/Polando Field,Massachusetts,Northeast,50.645161290322584,0.2903225806451613,83
HYS,Hays Regional,Kansas,Midwest,71.42716049382716,0.3234567901234568,1251
IAD,Washington Dulles International,Virginia,South,47.00703605980651,0.2139980558255798,68642
IAG,Niagara Falls International,New York,Northeast,31.36216216216216,0.13513513513513514,845
IAH,George Bush Intercontinental/Houston,Texas,South,44.733509234828496,0.19745460189352787,178940
ICT,Wichita Dwight D Eisenhower National,Kansas,Midwest,37.512909632572,0.18520357497517378,10652
IDA,Idaho Falls Regional,Idaho,West,30.79090909090909,0.13818181818181818,2120
ILM,Wilmington International,North Carolina,South,34.933938893476466,0.1717588769611891,6877
IMT,Ford,Michigan,Midwest,56.536,0.264,678
IND,Indianapolis International,Indiana,Midwest,39.294799097616,0.19267117858667154,49132
INL,Falls International Einarson Field,Minnesota,Midwest,40.90909090909091,0.2644628099173554,648
ISN,Sloulin Field International,North Dakota,Midwest,57.794642857142854,0.19642857142857142,633
ISP,Long Island MacArthur,New York,Northeast,39.88675429726997,0.2103134479271992,5561
ITH,Ithaca Tompkins Regional,New York,Northeast,56.55769230769231,0.31153846153846154,999
ITO,Hilo International,Hawaii,West,11.665733482642777,0.026875699888017916,6115
JAC,Jackson Hole,Wyoming,West,44.98704358068316,0.19199057714958775,4585
JAN,Jackson Medgar Wiley Evers International,Mississippi,South,41.2783793223891,0.20293398533007334,8199
JAX,Jacksonville International,Florida,South,38.59028556638771,0.18522991976533518,33939
JFK,John F. Kennedy International,New York,Northeast,53.739419695934835,0.25686170347322357,122965
JLN,Joplin Regional,Missouri,Midwest,34.77495107632094,0.15851272015655576,1387
JMS,Jamestown Regional,North Dakota,Midwest,91.3671875,0.3125,990
JNU,Juneau International,Alaska,West,26.238524590163934,0.1040983606557377,4515
KOA,Ellison Onizuka Kona International at Keahole,Hawaii,West,20.871806466199413,0.06760117567262039,15484
KTN,Ketchikan International,Alaska,West,27.51851851851852,0.12,2383
LAN,Capital Region International,Michigan,Midwest,45.979789103690685,0.2179261862917399,3287
LAR,Laramie Regional,Wyoming,West,81.3731343283582,0.2537313432835821,626
LAS,McCarran International,Nevada,West,33.51019385604202,0.15275234113134525,164043
LAW,Lawton-Fort Sill Regional,Oklahoma,South,28.857142857142858,0.12394957983193278,1334
LAX,Los Angeles International,California,West,36.509010005334446,0.15315057442849894,219996
LBB,Lubbock Preston Smith International,Texas,South,39.329652996845425,0.1892744479495268,7099
LBE,Arnold Palmer Regional,Pennsylvania,Northeast,47.113259668508285,0.24033149171270718,1119
LBF,North Platte Regional Airport Lee Bird Field,Nebraska,Midwest,64.74242424242425,0.25757575757575757,626
LBL,Liberal Mid-America Regional,Kansas,Midwest,52.19886363636363,0.24431818181818182,625
LCH,Lake Charles Regional,Louisiana,South,37.031722054380666,0.1646525679758308,1976
LCK,Rickenbacker International,Ohio,Midwest,40.63705583756345,0.18527918781725888,1033
LEX,Blue Grass,Kentucky,South,42.16179704681119,0.2038956958843858,9153
LFT,Lafayette Regional Paul Fournet Field,Louisiana,South,43.64251207729468,0.21014492753623187,5229
LGA,LaGuardia,New York,Northeast,55.415378735763966,0.29294504318581366,171665
LGB,Long Beach Airport,California,West,35.77671678179602,0.16111336854937017,15817
LIH,Lihue Airport,Hawaii,West,20.044071856287424,0.0704191616766467,14064
LIT,Bill and Hillary Clinton Nat Adams Field,Arkansas,South,33.21144182450715,0.15403942790877465,14261
LNK,Lincoln Airport,Nebraska,Midwest,44.945872801082544,0.2259810554803789,2212
LRD,Laredo International,Texas,South,39.73372093023256,0.1755813953488372,2674
LSE,La Crosse Regional,Wisconsin,Midwest,42.86029411764706,0.19558823529411765,2199
LWB,Greenbrier Valley,West Virginia,South,55.125506072874494,0.29554655870445345,665
LWS,Lewiston Nez Perce County,Idaho,West,33.86614173228347,0.15748031496062992,992
LYH,Lynchburg Regional/Preston Glenn Field,Virginia,South,31.371929824561402,0.16842105263157894,916
MAF,Midland International Air and Space Port,Texas,South,41.058372641509436,0.19722877358490565,9619
MBS,MBS International,Michigan,Midwest,57.65181058495822,0.24373259052924792,2567
MCI,Kansas City International,Missouri,Midwest,33.92038626609442,0.15713519313304722,54964
MCO,Orlando International,Florida,South,41.89880392994447,0.20284066638188808,136286
MDT,Harrisburg International,Pennsylvania,Northeast,38.35136476426799,0.169727047146402,6291
MDW,Chicago Midway International,Illinois,Midwest,29.602765819650273,0.1288811002323898,83559
MEI,Key Field,Mississippi,South,65.18925831202046,0.319693094629156,976
MEM,Memphis International,Tennessee,South,37.13448881088197,0.1761737604212374,25807
MFE,McAllen Miller International,Texas,South,39.20048661800487,0.19610705596107056,5595
MFR,Rogue Valley International - Medford,Oregon,West,48.02029664324746,0.24434035909445745,4066
MGM,Montgomery Regional,Alabama,South,43.36065573770492,0.20534943917169973,3721
MHK,Manhattan Regional,Kansas,Midwest,36.15084525357607,0.18725617685305593,1983
MHT,Manchester-Boston Regional,New Hampshire,Northeast,37.287841191066995,0.19106699751861042,8136
MIA,Miami International,Florida,South,41.06320204230489,0.17968636032093363,85818
MKE,General Mitchell International,Wisconsin,Midwest,37.866351606805296,0.19243856332703213,30893
MKG,Muskegon County,Michigan,Midwest,50.78041543026706,0.21364985163204747,727
MLB,Melbourne International,Florida,South,28.687654320987654,0.12839506172839507,2617
MLI,Quad City International,Illinois,Midwest,42.98016634676903,0.2143314139475368,4832
MLU,Monroe Regional,Louisiana,South,42.29327453142227,0.20176405733186328,2939
MMH,Mammoth Lakes Airport,California,West,63.15384615384615,0.2857142857142857,568
MOB,Mobile Regional,Alabama,South,44.96206706981858,0.22100054975261132,5429
MOT,Minot International,North Dakota,Midwest,47.92739273927393,0.18811881188118812,2286
MQT,Sawyer International,Michigan,Midwest,88.64142538975501,0.26280623608017817,1412
MRY,Monterey Regional,California,West,48.55167286245353,0.24386617100371746,4299
MSN,Dane County Regional-Truax Field,Wisconsin,Midwest,40.29662052117264,0.19177524429967427,14051
MSO,Missoula International,Montana,West,36.335604770017035,0.1465076660988075,3518
MSP,Minneapolis-St Paul International,Minnesota,Midwest,43.82786405874326,0.18931271254359175,160934
MSY,Louis Armstrong New Orleans International,Louisiana,South,35.58862592370681,0.16796484921110447,58167
MTJ,Montrose Regional,Colorado,West,34.33751743375174,0.17154811715481172,1839
MVY,Martha's Vineyard Airport,Massachusetts,Northeast,41.2710843373494,0.20481927710843373,552
MYR,Myrtle Beach International,South Carolina,South,37.45967330270546,0.17023991832567636,11790
OAJ,Albert J Ellis,North Carolina,South,36.14536082474227,0.18453608247422681,2869
OAK,Metropolitan Oakland International,California,West,28.513135153819565,0.12103929024081116,53023
OGD,Ogden-Hinckley,Utah,West,22.08695652173913,0.08695652173913043,105
OGG,Kahului Airport,Hawaii,West,24.28079231692677,0.09099639855942376,27323
OGS,Ogdensburg International,New York,Northeast,95.69277108433735,0.37349397590361444,530
OKC,Will Rogers World,Oklahoma,South,38.89059605535578,0.18775198866732049,24130
OMA,Eppley Airfield,Nebraska,Midwest,35.93429610847757,0.16701576452430825,25958
OME,Nome Airport,Alaska,West,18.29268292682927,0.06097560975609756,722
ONT,Ontario International,California,West,31.69391683778234,0.1487422997946612,22613
ORD,Chicago O'Hare International,Illinois,Midwest,55.1056529537696,0.254444912837553,338801
ORF,Norfolk International,Virginia,South,41.017428439519854,0.20740997229916897,24745
ORH,Worcester Regional,Massachusetts,Northeast,56.71364653243848,0.29082774049217003,1240
OTH,Southwest Oregon Regional,Oregon,West,53.11333333333334,0.28,383
OTZ,Ralph Wien Memorial,Alaska,West,22.624309392265193,0.06629834254143646,720
OWB,Owensboro Daviess County Regional,Kentucky,South,37.44736842105263,0.15789473684210525,102
PAE,Snohomish County,Washington,West,30.72473867595819,0.13414634146341464,1626
PAH,Barkley Regional,Kentucky,South,61.544843049327355,0.2533632286995516,1296
PBG,Plattsburgh International,New York,Northeast,72.89782608695653,0.25869565217391305,1360
PBI,Palm Beach International,Florida,South,43.58894256575416,0.2135265700483092,26066
PDX,Portland International,Oregon,West,29.279152459814906,0.12781295664880662,62444
PGD,Punta Gorda Airport,Florida,South,49.214864221057645,0.20438303954263934,5355
PGV,Pitt Greenville,North Carolina,South,32.25,0.25,80
PHF,Newport News/Williamsburg International,Virginia,South,37.054474708171206,0.191958495460441,2512
PHL,Philadelphia International,Pennsylvania,Northeast,46.16476698100314,0.22968429684296843,117658
PHX,Phoenix Sky Harbor International,Arizona,West,35.18987531670889,0.1447859714628617,175343
PIA,General Downing - Peoria International,Illinois,Midwest,41.28417721518987,0.1981012658227848,4683
PIB,Hattiesburg-Laurel Regional,Mississippi,South,67.91269841269842,0.3531746031746032,709
PIE,St Pete Clearwater International,Florida,South,49.68454391891892,0.23099662162162163,7726
PIH,Pocatello Regional,Idaho,West,42.87134502923977,0.25146198830409355,1090
PIR,Pierre Regional,South Dakota,Midwest,66.3586956521739,0.32608695652173914,659
PIT,Pittsburgh International,Pennsylvania,Northeast,39.68312630672734,0.20040585413848236,50393
PLN,Pellston Regional Airport of Emmet County,Michigan,Midwest,71.66265060240964,0.2971887550200803,1086
PNS,Pensacola International,Florida,South,35.83549222797927,0.16558721934369602,12609
PRC,Prescott Regional Ernest A Love Field,Arizona,West,44.87391304347826,0.26956521739130435,737
PSC,Tri Cities,Washington,West,50.87340301974449,0.2218350754936121,2999
PSG,Petersburg James A Johnson,Alaska,West,27.329787234042552,0.09574468085106383,724
PSM,Portsmouth International at Pease,New Hampshire,Northeast,35.796875,0.140625,425
PSP,Palm Springs International,California,West,38.477892325315004,0.18258877434135165,12284
PUB,Pueblo Memorial,Colorado,West,51.757246376811594,0.2028985507246377,938
PVD,Theodore Francis Green State,Rhode Island,Northeast,38.65061025223759,0.19723352318958504,18156
PVU,Provo Municipal,Utah,West,35.57201646090535,0.13580246913580246,730
PWM,Portland International Jetport,Maine,Northeast,44.56015424164524,0.21876606683804628,11144
RAP,Rapid City Regional,South Dakota,Midwest,43.378680800942284,0.19316843345111898,5041
RDD,Redding Municipal,California,West,51.39165009940358,0.23856858846918488,1391
RDM,Roberts Field,Oregon,West,44.90551776266062,0.22071050642479215,3990
RDU,Raleigh-Durham International,North Carolina,South,40.321863665953686,0.20050218543662235,63999
RFD,Chicago/Rockford International,Illinois,Midwest,29.888429752066116,0.11983471074380166,749
RHI,Rhinelander/Oneida County,Wisconsin,Midwest,63.87978142076503,0.1912568306010929,806
RIC,Richmond International,Virginia,South,42.87277079593058,0.21292639138240574,24806
RKS,Southwest Wyoming Regional,Wyoming,West,52.580786026200876,0.2576419213973799,735
RNO,Reno/Tahoe International,Nevada,West,33.27820133810487,0.15139256262641979,20022
ROA,Roanoke Blacksburg Regional Woodrum Field,Virginia,South,39.967667436489606,0.18937644341801385,2888
ROC,Greater Rochester International,New York,Northeast,42.8545123431809,0.21772561715904493,14587
ROW,Roswell International Air Center,New Mexico,West,40.16976127320955,0.129973474801061,1384
RST,Rochester International,Minnesota,Midwest,41.62187769164513,0.1843238587424634,3460
RSW,Southwest Florida International,Florida,South,39.92557388809182,0.1836441893830703,34472
SAF,Santa Fe Municipal,New Mexico,West,34.8937784522003,0.165402124430956,1798
SAN,San Diego International,California,West,28.79878629224179,0.11925868633983817,93484
SAT,San Antonio International,Texas,South,34.138578105084264,0.16067129301798613,40725
SAV,Savannah/Hilton Head International,Georgia,South,40.383266291230896,0.19694288012872083,17640
SBA,Santa Barbara Municipal,California,West,45.57421114141021,0.21542656797818466,7373
SBN,South Bend International,Indiana,Midwest,53.96182212581345,0.26941431670281996,6985
SBP,San Luis County Regional,California,West,48.90696347031963,0.23573059360730594,5280
SCC,Deadhorse Airport,Alaska,West,22.655870445344128,0.0931174089068826,988
SCE,University Park,Pennsylvania,Northeast,51.30899830220713,0.2733446519524618,1800
SCK,Stockton Metropolitan,California,West,35.4984984984985,0.15315315315315314,1034
SDF,Louisville Muhammad Ali International,Kentucky,South,39.37100371747212,0.1960346964064436,24332
SEA,Seattle/Tacoma International,Washington,West,31.034422666117003,0.12504216167597346,142841
SFB,Orlando Sanford International,Florida,South,44.247185848839884,0.19021364576154376,10637
SFO,San Francisco International,California,West,52.57883970338282,0.266022893070409,170966
SGF,Springfield-Branson National,Missouri,Midwest,34.795398773006134,0.1607361963190184,8628
SGU,St George Regional,Utah,West,32.775028121484816,0.15073115860517436,2601
SHD,Shenandoah Valley Regional,Virginia,South,90.41991341991341,0.3939393939393939,708
SHV,Shreveport Regional,Louisiana,South,39.740848585690514,0.19217970049916805,7095
SIT,Sitka Rocky Gutierrez,Alaska,West,24.00485436893204,0.10436893203883495,1346
SJC,Norman Y. Mineta San Jose International,California,West,28.526190836995504,0.1223922816588372,62777
SJT,San Angelo Regional/Mathis Field,Texas,South,23.892285298398836,0.10334788937409024,1881
SLC,Salt Lake City International,Utah,West,34.919952648045324,0.14371881958341554,115252
SLN,Salina Regional,Kansas,Midwest,79.21885521885523,0.3501683501683502,939
SMF,Sacramento International,California,West,30.184147317854283,0.13170536429143315,51484
SMX,Santa Maria Public/Capt. G. Allan Hancock Field,California,West,18.53846153846154,0.07692307692307693,193
SNA,John Wayne Airport-Orange County,California,West,27.162701908957416,0.10506607929515419,40802
SPI,Abraham Lincoln Capital,Illinois,Midwest,46.68489208633093,0.21151079136690648,1798
SPS,Sheppard AFB/Wichita Falls Municipal,Texas,South,26.320652173913043,0.11413043478260869,1257
SRQ,Sarasota/Bradenton International,Florida,South,36.2185831256675,0.16233535065859736,8433
STC,St. Cloud Regional,Minnesota,Midwest,25.0,0.07272727272727272,136
STL,St Louis Lambert International,Missouri,Midwest,32.52858634370432,0.1496763416162038,68402
STS,Charles M. Schulz - Sonoma County,California,West,42.4775956284153,0.15956284153005465,2731
SUN,Friedman Memorial,Idaho,West,32.18541033434651,0.1398176291793313,1571
SUX,Sioux Gateway Brig Gen Bud Day Field,Iowa,Midwest,28.57388316151203,0.12714776632302405,1345
SWF,New York Stewart International,New York,Northeast,55.36084142394822,0.28640776699029125,1753
SWO,Stillwater Regional,Oklahoma,South,26.039867109634553,0.07973421926910298,879
SYR,Syracuse Hancock International,New York,Northeast,44.10008499787505,0.2288567785805355,14148
TLH,Tallahassee International,Florida,South,33.552399608227226,0.16062683643486778,6575
TOL,Toledo Express,Ohio,Midwest,33.232804232804234,0.15211640211640212,2094
TPA,Tampa International,Florida,South,37.54730730730731,0.18182182182182183,75148
TRI,Tri Cities,Tennessee,South,38.298122065727696,0.18309859154929578,2955
TTN,Trenton Mercer,New Jersey,Northeast,51.80544747081712,0.26361867704280156,3013
TUL,Tulsa International,Oklahoma,South,35.854462391907326,0.16642192853646598,17083
TUS,Tucson International,Arizona,West,34.94443646805456,0.1559224694903087,19307
TVC,Cherry Capital,Michigan,Midwest,43.63585823488534,0.22446143154968728,4333
TWF,Joslin Field - Magic Valley Regional,Idaho,West,52.45273631840796,0.2537313432835821,1040
TXK,Texarkana Regional-Webb Field,Arkansas,South,27.539083557951482,0.1293800539083558,1242
TYR,Tyler Pounds Regional,Texas,South,29.844074844074843,0.1392931392931393,1568
TYS,McGhee Tyson,Tennessee,South,44.97676923076923,0.22338461538461538,18034
UIN,Quincy Regional-Baldwin Field,Illinois,Midwest,72.04587155963303,0.41284403669724773,632
USA,Concord Padgett Regional,North Carolina,South,41.037113402061856,0.177319587628866,1371
VEL,Vernal Regional,Utah,West,48.73372781065089,0.2958579881656805,627
VLD,Valdosta Regional,Georgia,South,35.717213114754095,0.1598360655737705,1035
VPS,Eglin AFB Destin Fort Walton Beach,Florida,South,38.308374083129586,0.1543398533007335,8801
WRG,Wrangell Airport,Alaska,West,24.51076923076923,0.08615384615384615,724
WYS,Yellowstone,Montana,West,16.491525423728813,0.06779661016949153,264
XNA,Northwest Arkansas Regional,Arkansas,South,38.00706785137318,0.18356219709208402,14134
XWA,Williston Basin International,North Dakota,Midwest,55.083333333333336,0.3125,209
YAK,Yakutat Airport,Alaska,West,22.53543307086614,0.06692913385826772,722
YUM,Yuma MCAS/Yuma International,Arizona,West,34.83206106870229,0.1435114503816794,1920
